bids_name	cjv	cnr	efc	fber	fwhm_avg	fwhm_x	fwhm_y	fwhm_z	icvs_csf	icvs_gm	icvs_wm	inu_med	inu_range	qi_1	qi_2	rpve_csf	rpve_gm	rpve_wm	size_x	size_y	size_z	snr_csf	snr_gm	snr_total	snr_wm	snrd_csf	snrd_gm	snrd_total	snrd_wm	spacing_x	spacing_y	spacing_z	summary_bg_k	summary_bg_mad	summary_bg_mean	summary_bg_median	summary_bg_n	summary_bg_p05	summary_bg_p95	summary_bg_stdv	summary_csf_k	summary_csf_mad	summary_csf_mean	summary_csf_median	summary_csf_n	summary_csf_p05	summary_csf_p95	summary_csf_stdv	summary_gm_k	summary_gm_mad	summary_gm_mean	summary_gm_median	summary_gm_n	summary_gm_p05	summary_gm_p95	summary_gm_stdv	summary_wm_k	summary_wm_mad	summary_wm_mean	summary_wm_median	summary_wm_n	summary_wm_p05	summary_wm_p95	summary_wm_stdv	tpm_overlap_csf	tpm_overlap_gm	tpm_overlap_wm	wm2max
sub-CON02_ses-postop_T1w	0.5912189491920956	2.250166091344704	0.6358008211100397	5204.367793005672	3.807016666666667	3.98069	3.96613	3.47423	0.22733324132834626	0.38735344421257034	0.3853133144590834	1.4063650369644165	0.5360313355922699	0.0	0.013184282536584121	23.5734651305906	13.209200765580562	15.63583495293023	160	256	256	4.441351148846639	13.424740220751206	12.606104269444488	19.952221438735624	47.17279686819568	108.3482068116712	95.81612164859096	131.92736126590597	1.0	1.0	1.0	8.95965597248283	4.966159786499452	7.733727357453425	6.699247747659683	2047843.0	0.0	20.48212631046772	7.404834900327402	2.624350711956173	63.90877758036179	375.3539428357887	357.5860764980316	55104.0	278.8424595296383	534.5670231431723	80.5121729519157	0.47757615301563083	58.535555516280425	821.1581206461125	821.3167914897203	10847.0	720.8280752748251	919.9934161007404	61.17652319108416	0.48836416159733176	47.137811743986596	1001.0476789454871	1000.0549178719521	203671.0	920.322887301445	1085.6899741217494	50.12236185656068	0.1816924661397934	0.4099578559398651	0.4988618791103363	0.4428988326848249
sub-CON03_ses-postop_T1w	0.46084260656215303	2.8492699054461283	0.6170689050884728	7227.956824196597	3.603736044136937	3.7899781324108104	3.66093	3.3603	0.18965892898502162	0.3999093902844435	0.4104316807305349	1.2683110237121582	0.426649808883667	0.0	0.015641568068541663	28.967678806225727	14.130532339123784	16.472009709060472	160	256	256	3.9832429756730185	12.829599017968693	12.9497505046813	22.03640952040219	42.57579266457598	82.70960159110727	76.98838254768827	105.6797533873816	0.9999978542327881	1.0	1.0	8.755178934832879	6.1992610132369155	6.12277010566956	4.254694819450378	2055623.0	0.0	16.94542247056961	6.248106068319106	1.2718115703931492	86.02834142930526	422.89477817726896	402.8755853176117	26433.0	292.54694724082947	615.4636126756668	101.1406954113597	0.20888435396587957	59.382394968900975	784.261525342578	782.6437763571739	12285.0	686.6930724978447	888.6296914458275	61.00049744183546	0.7236228145083232	40.784611929190234	999.0205064159672	999.9999961853027	203902.0	921.6549260616302	1072.3298081159592	45.379332014050554	0.17752684652805328	0.4341564178466797	0.4891492426395416	0.4830595957235515
sub-CON04_ses-postop_T1w	0.4745836982278087	2.736922451472987	0.5685699004412883	8880.64599769888	3.4994725588415534	3.74525767652466	3.49987	3.25329	0.2329089120510238	0.3906770266771243	0.37641406127185195	1.2375688552856445	0.3874998390674591	0.0	0.01727405240992481	24.346335548265905	13.983488615913402	17.17727088261786	160	256	256	4.4965453799195645	12.978206934254926	13.639501501802032	23.44375219123161	43.706738246798636	95.03028914075486	86.08121882096316	119.506629075336	1.0000059604644775	1.0	1.0	7.733761355985688	5.482008700075423	5.019051022391909	3.744963277131319	2592944.0	0.0	14.885043911635876	5.170587943339586	2.4556012295895346	64.6595897957614	381.6779998973438	365.72647700086236	44556.0	283.47949869930744	541.9412205694243	81.33407804345458	0.34535002657112646	57.49080918797047	797.0570191911661	795.1884366106242	9544.0	699.786682240665	902.9272377258168	61.267845432863496	0.6123933580581031	39.70942199413608	999.812758747386	1000.0000041909516	188204.0	929.6041755005717	1069.5354394195604	42.65517479193256	0.17396804690361023	0.4232446253299713	0.4810982644557953	0.4935541985447229
sub-CON05_ses-postop_T1w	0.49896225234044683	2.6477688630983574	0.5945012177607095	10066.351738407237	3.5408458000372094	3.6349074001116275	3.72161	3.26602	0.1920286162609169	0.403771429295651	0.4041999544434321	1.4079945087432861	0.48967922925949114	0.0	0.008753809122089926	25.959801549429493	12.43856658166521	14.597723050741314	160	256	256	3.57865769488215	12.292091771915672	12.796206128263933	22.51786891799398	47.83520839390061	95.13903877126467	87.69228860267879	120.10261864287112	1.0000007152557373	1.0	1.0	7.740579705156046	5.454804990809557	6.157897906772679	3.6792100556194782	2536348.0	0.0	18.302905719727278	6.134974007330111	0.40323075508113027	98.94601964341894	424.82872921632026	398.2861315906048	29561.0	285.7675050795078	632.8707018457353	111.29295641237238	0.2657265936066433	62.21239616100521	795.6655441168696	792.1478966586292	10088.0	696.6281520500779	909.7266013031825	64.44050764453006	0.5051669306363036	41.497946828817014	999.406968241117	999.9999786615372	202518.0	924.9254646152258	1071.348710373044	44.409065235436344	0.17644153535366058	0.42783844470977783	0.4820168912410736	0.4985604160861893
sub-CON06_ses-postop_T1w	0.6324919286771262	2.0805100347849983	0.5880127726787232	3751.276290505721	3.7300889176357876	3.891226752907363	3.84852	3.45052	0.2972004342546669	0.3524444170028254	0.3503551487425076	1.4861888885498047	0.5310816466808315	0.00010486598865143225	0.01329861350671716	16.7889243656534	12.40925165946623	14.976751152505123	160	256	256	4.613095524571812	12.305667894077946	11.864721442096434	18.675400907639542	29.878708905234824	67.99213039610036	60.24885752846867	82.87573328407082	1.0000008344650269	1.0	1.0	7.029358640403922	7.905438658953066	12.187610888409642	10.614441633224487	3154560.0	0.0	36.726964712142944	11.811480751951654	2.5419424418006242	58.81055301426766	374.40580837376024	360.5421841144562	101953.0	276.4738130569458	529.6456875801083	78.1558530516641	0.25983765793091695	62.98492015661204	823.9717143915233	820.451488494873	11904.0	719.8036586046219	941.2966573238373	66.66984950877007	0.45363360254271035	50.60958393815748	1002.1616503398251	1000.0498342514038	206512.0	917.5761210918427	1093.6861526966095	53.5489127064425	0.14725123345851898	0.3728425204753876	0.4466199576854706	0.5274251622907303
sub-CON07_ses-postop_T1w	0.44522813100998204	3.0104192662364455	0.5528086647416418	23166.63062283737	3.5329768821291516	3.6148606463874544	3.61678	3.36729	0.20174077567098875	0.3957043536605323	0.40255487066847895	1.2457225322723389	0.30629425644874564	0.0	0.012777396796051983	24.600148338163773	12.70477536721775	14.86864932377588	160	256	256	3.927565258306501	13.540519191956701	13.71037301991879	23.663034609493167	37.22645741917295	77.89266896272892	71.51425000076426	99.42362362039093	0.9999998211860657	1.0	1.0	74.35664863773935	6.58934317617518	6.149257213710286	4.444444432854652	3546360.0	0.0	17.77777773141861	6.445294422758695	1.174943864357548	72.61197774530295	398.9230599137661	374.42265697568655	31001.0	284.2265787795186	588.1045736297965	95.33046389358245	0.1473030435775713	56.881535947276916	783.8244583434207	783.4422637522221	10484.0	689.8605646498502	879.5141589265316	57.85634125587478	0.5426215985936342	39.53605905705108	999.657655533631	999.9999973922968	225878.0	929.3681892976165	1068.4531562551856	42.25991299545105	0.16639527678489685	0.41131624579429626	0.49530935287475586	0.574480732310487
sub-CON08_ses-postop_T1w	0.6498366943719328	2.0544663076524343	0.6463199225473157	4413.790413223141	3.5201388264285787	3.6917364792857366	3.62531	3.24337	0.27030036064785695	0.3626332947621726	0.36706634458997045	1.3144088983535767	0.4401002526283262	2.608765975430642e-06	0.02568333972273092	20.150025152851946	13.502232425772007	15.938056758322071	160	256	256	4.175632747534681	11.879607508591949	11.328588578303282	17.930525478783217	45.31686964895776	99.02951195919299	88.51389627177507	121.19530720717444	1.0000009536743164	1.0	1.0	6.9727728601257635	5.405891196935429	9.687253188045277	7.24316318705678	2472341.0	0.0	25.917713172733784	9.186991765100345	1.239748662425277	74.07531991476385	392.9044073097689	373.9344586841762	62238.0	280.0197033472359	571.1751541793346	89.55084826944015	0.14682954495455203	66.03953570310308	819.715997703341	817.1470632255077	5867.0	710.8598026078195	936.851421365887	68.77983303809059	0.4594578619817291	52.817018045733995	1000.5685432256869	1000.0492520034313	177993.0	910.1551913335919	1093.4909844383594	55.773404072581684	0.165959432721138	0.3941541016101837	0.4846765398979187	0.4734299732140923
sub-CON09_ses-postop_T1w	0.5529851585420427	2.33882010764668	0.6597467091323563	5678.300271548948	3.641838666110278	3.7298259983308335	3.82875	3.36694	0.22596677859383119	0.38093812930702226	0.39309509209914656	1.2762882709503174	0.4032871842384338	0.0	0.01805988166604187	18.914560334636718	10.738510254857468	12.424890305612692	160	256	256	4.138900651950948	11.876622990711079	12.2110597259938	20.617655535319376	48.242376244165705	110.94764574443342	99.02850093040043	137.89548080260215	1.000001072883606	1.0	1.0	6.174854980175562	4.751204878314731	6.414410679183306	6.358410697430372	1794999.0	0.0	19.176966663450003	6.337557805349213	4.0426296680723794	53.771572670450844	369.37027518387015	349.8651902154088	73331.0	276.2602279819548	552.2661195360124	84.53037028612418	0.4277780274024834	63.04773457573199	808.8666493549099	804.618723295629	12724.0	704.2067015618086	930.6093595830723	67.74544457224937	0.7635112985706329	45.023322418315786	1002.0986833168756	1000.050834491849	248777.0	926.8528105430305	1085.5078742653131	48.50448795414268	0.16155320405960083	0.41273245215415955	0.46673259139060974	0.4671027448558604
sub-CON10_ses-postop_T1w	0.7481957458183627	1.7971341840380062	0.6532711834294607	3598.3638223140492	3.4562299058281094	3.5939997174843286	3.61501	3.15968	0.2223387564601809	0.4049479027855432	0.37271334075427587	1.3855987787246704	0.5467467725276949	0.0	0.01507850395775555	21.872855699191756	11.772465996209002	14.721059347899674	160	256	256	3.4546785886714826	11.690743081464722	10.43061787249812	16.146431947358156	49.622660022933516	109.84275423604828	97.2710601772256	132.34776627269505	1.0000028610229492	1.0	1.0	8.084295324666218	4.950692946984568	8.676484361686896	6.619800988584757	2152266.0	0.0	26.420621644705534	8.818757817395841	2.9151260480250896	82.42469485418168	402.7719866785786	374.9853639639914	40096.0	278.55888230726123	618.1605312526226	108.54285810264437	0.3207168129282798	67.13834470208897	832.74989682429	830.0527451969683	10501.0	719.7422561571002	956.4733693860471	70.99747346383917	0.33226068977301315	60.103149461637216	1004.302429100032	1000.1171900629997	180701.0	910.0761801563203	1113.3567945845425	61.940274234810104	0.17703106999397278	0.42877617478370667	0.48435866832733154	0.4180215475024486
sub-CON11_ses-postop_T1w	0.4835022598059471	2.768163930633734	0.6240164292514497	4778.087469444149	3.7801327773835585	3.9940083321506754	3.8303	3.51609	0.22934165859258754	0.39959525437363214	0.3710630870337803	1.2391437292099	0.423612904548645	0.0	0.010076458389844509	23.642968044199698	13.203429415394679	16.42199345156717	160	256	256	4.117651333500742	13.853705107763828	12.303066347397133	18.937842600926828	51.32978257406917	106.10625076697858	97.5824454051985	135.31130287454778	0.9999979138374329	1.0	1.0	20.159002059102168	4.8416973436068025	8.52409589764592	6.531350463628769	2550765.0	0.0	26.075160697102547	9.354493907816245	1.0949312217061138	82.19712336415549	395.2711088597028	379.34585904330015	44236.0	273.21141400933266	570.6893070489168	92.12571452622126	0.2372814623147126	55.12086206567744	784.369139009733	784.1639848947525	12304.0	692.5818911053241	878.0069307677447	56.6008957117224	0.6420529168703459	49.23633760190918	1001.1087875907866	999.999997138977	175477.0	916.0470231026411	1089.5799808055162	52.804174627035586	0.1667107492685318	0.4233696460723877	0.482638418674469	0.4759672868142905
sub-PAT01_ses-postop_T1w	0.47085630576512866	2.8811438827070663	0.588712783059955	7207.066697530865	3.6660403028385566	3.8105909085156697	3.77934	3.40819	0.23203895295553859	0.3907540491538786	0.3772069978905828	1.3447751998901367	0.3713017523288724	2.1507041405356113e-06	0.014675234508416434	27.000608743630856	15.283735282176208	18.6980737319244	160	256	256	4.028254352882278	12.716236672082966	11.6355010731625	18.162012194522255	40.13363854566696	84.09854639714533	78.1128962522824	110.1065038140349	0.9999997615814209	1.0	1.0	7.7076000309214425	5.950286518754893	8.641458442566497	7.8504010289907455	3033990.0	0.0	27.520506978034973	9.084735140266568	1.7187411216816182	73.43045890727191	381.951516191642	364.5144073292613	44225.0	264.93780371546745	558.560443550348	90.48839875514923	0.017490785045065405	58.71821202024059	763.458809237148	763.8263787701726	7458.0	662.664258768782	862.0578293986619	60.06298783380952	0.4118771704815276	52.506374445716254	1001.2631860335148	1000.0440636649728	161197.0	913.2045152038336	1094.4693928956985	55.06223379975507	0.16558849811553955	0.4192291796207428	0.4812420606613159	0.5478376419424982
sub-PAT02_ses-postop_T1w	0.533333013415267	2.450879826492442	0.6114507382229915	5134.511023099288	3.601146502008909	3.6679095060267275	3.83179	3.30374	0.18330873364081152	0.4109299972311556	0.4057612691280329	1.404137372970581	0.49875786900520325	0.0	0.01345179981348177	30.81138945700876	14.297168280207798	16.990991667414775	160	256	256	3.506977391873198	12.443315669748353	12.804897285034002	22.46439879348046	55.0333429030202	104.37586696833993	96.27257861781875	129.40852598209614	1.0000028610229492	1.0	1.0	18.568775988662853	5.062543972156369	6.433035769717796	3.414634019136429	2066400.0	0.0	20.29268217086792	6.834559850868267	8.836541142220709	117.37869809728268	448.7047257652203	425.2682768404484	20330.0	295.33901338800786	655.2950975395738	121.26049588059308	0.23555318137806314	62.160807772405704	810.8558865208015	806.5609455630183	10952.0	712.2438759058714	926.4072825618086	64.81585323290321	0.5938476517801727	41.00660617446659	1000.2723355396232	999.999962747097	189246.0	926.7316727936268	1074.4389843642712	44.51475999304963	0.16973674297332764	0.44290247559547424	0.5082219243049622	0.5123145165292807
sub-PAT03_ses-postop_T1w	0.542239231492431	2.4629053206206795	0.5818102071159909	8078.213436981598	3.601013333333333	3.76516	3.6754	3.36248	0.21846522994738898	0.37910180355783774	0.4024329664947733	1.2621245384216309	0.4069796562194823	0.0	0.00977308408973579	25.725149851382977	14.191892700083125	16.23835129641503	160	256	256	4.001316547165862	13.053729346323777	12.934720332068851	21.749115102716914	43.12994064981129	90.15499610154076	81.57010488778923	111.42537791201563	1.0	1.0	1.0	8.938298198228402	5.879885293956651	7.066204319264009	3.965922363102436	2779320.0	0.0	19.780649811029434	7.213776780640365	1.2236949304603195	81.0843441154269	407.5260719608884	387.09360744059086	37753.0	286.50606543123723	599.3438968732953	96.74027940143489	0.04550230501155905	60.75881470421873	807.9394558741645	809.1460860818624	7097.0	703.8973612457514	908.4018615692854	61.98145038878119	0.703102218927981	42.75620294000577	1000.9423217433625	1000.0489415600896	204357.0	926.8017828539014	1077.8006046786904	45.98101991808187	0.1724981814622879	0.410767525434494	0.49907803535461426	0.53104196374196
sub-PAT05_ses-postop_T1w	0.38515362191109626	3.438504877682947	0.6155450403223641	4601.361111111111	3.7052443233525474	3.833022970057643	3.83375	3.44896	0.20286281663559125	0.3977786131091457	0.39935857025526306	1.2121127843856812	0.30668748617172237	0.0	0.014260188287716614	28.030004356642266	14.484304750820433	17.20768726218937	160	256	256	4.263036212084356	14.454752800671733	14.069459333630428	23.4905889881352	47.16484861251261	99.30701566676207	92.0691395274834	129.73555430317555	0.9999992251396179	1.0	1.0	5.533493783028915	5.0497827728449565	6.2746285538414455	3.4060267210006714	2343191.0	0.0	16.888215824961662	6.033734569185645	2.1360753432905764	63.613235763477434	383.4586482160932	363.5460465401411	33182.0	282.4636882096529	555.9392503499985	85.2773822111222	0.15446933774997085	51.69013754981573	764.4373666235205	765.4571996182203	14103.0	675.0603043243289	850.3193014904856	52.9535213499673	0.7473305586309076	38.64486538663293	999.7325201151629	999.999984100461	210429.0	928.9464822262526	1069.3977785408497	42.570137705121425	0.17553667724132538	0.4295307695865631	0.5135831236839294	0.5307423245763083
sub-PAT06_ses-postop_T1w	0.656263324932354	2.0333356573582813	0.5907438642976668	6127.032346145767	3.7141662092667467	3.83694862780024	3.89469	3.41086	0.24367558775024156	0.38439659223533484	0.37192782001442365	1.3735244274139404	0.4514521777629852	0.0	0.017322141233365954	24.575100253905834	14.62843518705649	17.773216206525635	160	256	256	3.9662501266465693	13.599950911606488	12.531981876003252	20.029744589756703	52.34389614565316	122.78577363438036	107.20460286024762	146.4841388007093	1.0000003576278687	1.0	1.0	9.958162997671932	4.472698247140053	6.245857341485572	5.967995874583721	1755395.0	0.0	18.03515236824751	6.281859867424936	3.805295725926671	59.1174029187207	379.8137336627115	357.35834638029337	47906.0	280.0367294996977	569.435342637822	90.09886042563545	0.16641359499221364	59.99249605403071	839.7959861901112	838.2738820761442	13734.0	740.9496416598558	942.943348184228	61.63576389136226	0.4844864610092894	46.18547103025055	1002.7702042276674	1000.0655944123864	169040.0	924.7770310714841	1091.0939270928502	49.92887611985006	0.17639240622520447	0.42593416571617126	0.497164785861969	0.48125355046392726
sub-PAT07_ses-postop_T1w	0.77309023790184	1.747323828024051	0.6425387230717241	8979.564372148383	3.6896487548666026	3.8406962645998077	3.87478	3.35347	0.2373239430018366	0.3867628996046203	0.37591315739354314	1.3809360265731812	0.5422290921211244	0.0	0.008678416813686439	20.78018141386235	12.114585399460353	14.643734557205605	160	256	256	3.536502073525179	12.236745471976393	11.391610114798112	18.40158279889277	41.082650361076716	94.76829526558328	82.63000373083298	112.03906556583897	1.0000035762786865	1.0	1.0	6.431153134885994	5.847392348747384	8.20435426026137	7.832463026046753	2219977.0	0.0	19.88667917251587	7.211950459272872	3.904219833227952	68.85098596553257	394.2854722125186	366.68147826194763	57038.0	279.73836120367054	615.495497858524	103.68388205724048	-0.04392467213282503	68.52155541067357	847.0616141598026	845.8504574298859	10729.0	734.4961639404297	965.6149275302887	69.12058762374868	0.8695997296370503	50.64994780957241	1002.6373828693476	999.9999957084656	212331.0	918.1757543087006	1095.6004841327667	54.343023196457175	0.17239035665988922	0.4116564393043518	0.4761887192726135	0.46218085512726237
sub-PAT08_ses-postop_T1w	0.7395959234471283	1.788623035813176	0.64969232074272	3053.8993398803327	3.6035575297718245	3.771672589315474	3.67881	3.36019	0.22637320838353536	0.382419285572502	0.39120750604396265	1.3823550939559937	0.4602904558181762	0.0	0.008293266046373968	20.319634096803426	11.533455305510108	13.453230676015785	160	256	256	3.4759937638779608	10.254458386188961	10.491332062560826	17.743544037615557	26.439319170163216	55.782176385684885	50.003331694267594	67.7884995269547	0.9999966621398926	1.0	1.0	119.48663187926388	9.664417676164037	12.546441728082486	6.898799452930689	2795349.0	0.0	40.143407840281725	13.796039307738736	0.3579896612675997	100.02672294829779	419.071209259111	390.0266147404909	53761.0	279.9174297712743	632.951269492507	112.20474310526247	0.14105615231159785	77.43614663026435	829.0125797465427	822.8855394702405	10636.0	708.1047265250236	973.1517125936225	80.24283912381672	0.6492969516088123	53.55698128874237	1001.605786664887	999.9999931417406	238366.0	912.2168441973627	1096.2572579495609	56.358408072536655	0.1760692596435547	0.4200189411640167	0.5000703930854797	0.4977557862859615
sub-PAT10_ses-postop_T1w	0.6588052177842291	2.0007202589870885	0.5357018861240775	8639.960696373459	3.3056423607317775	3.496617082195333	3.42458	2.99573	0.21856960542327344	0.39221764416029625	0.38921275041643033	1.3876744508743286	0.42596976757049543	0.00019108323895479244	0.014700988273358143	25.28451993525199	13.780519817977094	16.435122653846395	160	256	256	3.249090701468849	12.491219181279813	11.428799907479876	18.546089839690968	43.4333940963893	94.47699148224062	83.9884129163611	114.0548531704534	1.0000008344650269	1.0	1.0	8.029561718451333	5.744046442455636	8.06395470455582	7.694791171699762	3705263.0	0.0	23.138183243572712	7.502578816010234	1.3446941205015435	91.7451862336664	412.1928574038854	380.8114484064281	27396.0	274.1605665720999	645.6091222241521	117.20340649222585	0.19993252559221597	63.30417850122982	831.7266029124514	828.3469601199031	14062.0	729.3370597288013	949.0933003278449	66.3119823767108	0.6683161670371578	49.78173583461551	1002.0857789994558	999.9999939501286	184859.0	916.7025342732668	1094.5436868779361	53.91957538360433	0.15994995832443237	0.4136312007904053	0.47892600297927856	0.5464757255859087
sub-PAT11_ses-postop_T1w	0.5589485200670026	2.3565634407066693	0.5577453693334748	6430.806213017752	3.2070341353839	3.4121424061516983	3.27922	2.92974	0.25928718242277327	0.3874234288965132	0.3532893886807135	1.3196542263031006	0.3566727161407468	0.0	0.017724784026903848	24.560234237714532	15.058715993938318	18.791959417987506	160	256	256	4.374038204097947	13.683085221365094	11.248556669426813	15.688546582817397	40.7163411016839	84.16410043469722	76.89650466659701	105.80907246340993	0.9999963641166687	1.0	1.0	176.14913223141485	6.19182656292481	8.846244629379045	8.306753437966108	3253877.0	0.0	25.057941310107708	9.669248011327646	1.177446592048816	77.02360076077895	397.6849803685623	384.8183844052255	54311.0	277.0371112059802	560.6370165646076	87.97701887896233	0.2589943945071731	56.37283854267258	796.3509353727469	795.4519555997103	11900.0	702.0675252374261	893.2284097410738	58.13151929394328	0.745013441167778	57.9718267210103	1003.0488561193641	1000.0229691341519	134140.0	902.5907174833119	1113.242641683668	63.74199396443186	0.1703377068042755	0.41003766655921936	0.4740201234817505	0.5576312826287235
sub-PAT13_ses-postop_T1w	0.422158282264417	3.1040659543479308	0.5425897183013865	12150.700481341546	3.628648749602488	3.7210762488074645	3.80916	3.35571	0.21862335297562122	0.4098162771094027	0.3715603699149761	1.3066388368606567	0.3729092478752136	0.0	0.022621824208224495	27.777418976670823	14.8230085583562	18.96445422573669	160	256	256	4.703681359802091	14.127917921304945	14.711309176504066	25.302328248405164	52.904254732885626	111.25199288460104	101.83369922033556	141.34485004352	1.000003695487976	1.0	1.0	8.966249483562656	4.6352310456855115	5.892930669521303	3.126415830105543	2645704.0	0.0	18.713184606283903	6.2322526526509	3.6319977473451477	62.34049870139354	389.9241824521955	374.3090025000274	45216.0	294.8346058912575	544.1889235293493	79.57700250591712	0.2589288459808534	54.816645409846046	787.0314569724019	787.1318231970072	12279.0	695.50518418774	877.8885030187666	55.71236858660014	1.087762117248146	35.06653051953387	1001.7432033825645	1000.0452722646296	170319.0	940.3715092465281	1069.777938388288	39.52372788155072	0.1600179225206375	0.4215838313102722	0.4889829158782959	0.5414867517173699
sub-PAT15_ses-postop_T1w	0.747025442142784	1.7894900553571085	0.5826448610480067	8122.515625	3.542357860404806	3.6244935812144177	3.72881	3.27377	0.1774541643446923	0.40395715774369206	0.41858867791161564	1.4079992771148682	0.4646050989627839	7.555765526302813e-06	0.026967568834363246	28.211575484342635	12.961145850704872	14.887452913360583	160	256	256	3.430390140593881	10.623239555702384	11.851902930353551	21.502079094764383	65.21522716634783	132.17297318692306	118.49128208746298	158.08564590911803	1.000004529953003	1.0	1.0	7.25937037149313	4.144404881350367	5.955015181583436	5.590717226266861	2305354.0	0.0	16.824894294142723	5.8007475058455995	3.144787178138979	104.15749626337148	438.2573844300693	412.5527372062206	20721.0	290.5063253045082	663.238387927413	120.26118465695734	-0.2825634222286726	81.63695653075062	842.7528203588828	836.1286810189486	15515.0	724.2985137090087	979.7468225955963	78.70496851589863	1.4702976029518453	40.81847826537531	1003.5823969153586	1000.0527295023203	215741.0	934.124460324645	1085.0738254338503	46.509475078024124	0.1682380884885788	0.42097753286361694	0.48956674337387085	0.5208064383223007
sub-PAT16_ses-postop_T1w	0.610433840603185	2.1168408348781007	0.6269510939953452	6215.284970332029	3.5623024698023844	3.715757409407153	3.67813	3.29302	0.23907242542609597	0.3720433607474719	0.38888421382643207	1.4218950271606445	0.488958168029785	0.0	0.018250347392814073	22.14814917238724	13.251016163735072	15.54086123801658	160	256	256	4.555663475867627	11.51497759783171	11.64978307207504	18.878708142525785	50.99327184796939	112.74638918552331	100.8253739682241	138.7364608711796	1.000006079673767	1.0	1.0	7.7086774546957955	4.7222896193037815	6.82157727030058	6.317186292260885	2038141.0	0.0	19.004644475877285	6.7711046998557425	2.760207400144756	64.45925330349661	382.89082342587307	367.5646881312132	59098.0	284.48572554811835	543.4452407715839	80.68233755095018	0.4663302631217858	66.03334984326455	816.2575600718494	812.6874365396798	7260.0	708.2149775214493	941.635011020489	70.57169304055704	1.527949457880304	48.324763770875364	1003.921960685726	1000.0265157446265	200420.0	924.3264514356852	1094.8373957276344	52.97099851137212	0.1727217733860016	0.40238243341445923	0.4801653325557709	0.45515343355615967
sub-PAT17_ses-postop_T1w	0.3922749984480022	3.3740973400262635	0.5889622892175841	21634.449796597633	3.4525875406080657	3.6407426218241965	3.52464	3.19238	0.16632197303728652	0.42381648763172697	0.4098615393309865	1.2848525047302246	0.3516802191734314	0.01309559244463316	0.009627276410035393	34.46990803488195	14.7436356933518	17.882676739494354	160	256	256	3.72032355891827	14.611511880545926	14.509835498081934	25.197671054781605	38.460961629204085	72.38297207004253	68.06138716416952	93.34022779326193	1.0000020265579224	1.0	1.0	8.603451849810996	7.018799726355128	5.447114420577228	4.7341084741055965	2206490.0	0.0	14.57002316787839	6.045985935334216	0.1667121949862307	103.85097847539043	435.9726698273856	412.0512861199677	15526.0	292.7448582397774	642.5518103688955	110.75327445659242	0.15186836075126342	52.095848454354325	778.0477806947895	775.4745453894138	15370.0	695.4083612933755	868.6905201110989	53.07112121116325	0.8348511456208074	35.97986655840298	998.5992626842589	999.9999812729657	184408.0	930.5051073618233	1060.6241470724344	39.6860990730515	0.17445358633995056	0.4457060396671295	0.5092558264732361	0.5195051289222475
sub-PAT20_ses-postop_T1w	0.46094750930172	2.907164327242103	0.5392842309862947	5455.605231866825	3.3856455354192714	3.5585966062578143	3.48952	3.10882	0.2597332137168793	0.37757440555789534	0.36269238072522536	1.351335883140564	0.3632120609283447	0.0	0.02616796482415984	22.983021880361484	14.264454024929789	17.513539760897704	160	256	256	5.241291532739177	15.184275814741824	13.505401305450155	20.09063656886946	33.27333948655392	75.16772520424415	67.87738150275477	95.19107981746623	1.0000009536743164	1.0	1.0	5.240036185061278	6.882329653620259	7.505781536681423	4.642060808837414	3351135.0	0.0	23.073772843927145	7.323178576131559	4.733025408169006	46.793094262604406	360.7486081737326	349.5426278654486	68048.0	279.7069189324975	488.41761372983456	66.68968083901105	0.29087054967896275	49.66073161827951	790.1840390600538	789.6509519033134	9938.0	704.6375245414674	877.2266147900373	52.001901945871815	0.32026834281543337	47.29914791360589	1000.1902318012006	1000.0000211037695	161460.0	917.6261969469488	1082.5558868609369	49.774277730262774	0.1622965782880783	0.4027876555919647	0.4532267451286316	0.5233535786590449
sub-PAT23_ses-postop_T1w	0.7718107210907916	1.7199537083768888	0.6217375509864925	4087.783940745729	3.625888117710406	3.843864353131217	3.70526	3.32854	0.2687935651402394	0.37520523423404806	0.35600120062571255	1.396965503692627	0.5464008092880248	0.0	0.018034848640347673	18.632050462796396	12.099435507691442	14.95461594232086	160	256	256	4.461407619276811	14.451384110884819	11.850678184563598	16.63924282352917	42.8807884156377	95.84618912665265	83.63287215508034	112.17163892295063	0.9999988675117493	1.0	1.0	4.916977093520471	5.8407966620869445	8.570680067067151	7.879114963114262	2472031.0	0.0	23.47544526681304	7.264134645820988	1.8205587887981443	70.4896145109397	399.24356172360615	382.29897533357143	84628.0	291.95898596197367	568.861307028681	85.68970810298235	0.3655124065789743	55.28754100687779	854.4059283448634	854.5062077119946	12713.0	755.2185658685863	951.203455594927	59.12738827779556	0.26639470168358015	57.047781096821794	1002.4486012758102	1000.0539683662355	198184.0	907.5553173609078	1107.3934181034565	60.10198035602564	0.16295388340950012	0.389862060546875	0.45652472972869873	0.46813186813186813
sub-PAT24_ses-postop_T1w	0.6212598234993578	2.1916662303417267	0.6033662989414306	6912.604885186181	3.596270221723954	3.7199106651718616	3.69953	3.36937	0.2660525505399629	0.3602548543798717	0.3736925950801654	1.3917102813720703	0.47363017797470075	0.0	0.014179667288780859	19.00144932827103	12.546998688555673	14.579389655559295	160	256	256	3.886821482673212	12.364338838641128	11.380306273722084	17.889758499851915	37.82225174013308	83.31189794652245	74.64581604398158	102.8032984452892	0.9999998211860657	1.0	1.0	7.726818927159057	6.373018411813791	8.454642139622313	8.597071193158627	2759620.0	0.0	21.82333456724882	7.986401427833932	1.5079809892192166	76.75635361920786	387.1017586339736	367.92630507424474	72787.0	266.88710022717714	574.8889848858115	94.65929404990678	0.1870245283974863	63.52008461005614	809.654287699045	810.4392882473767	9349.0	700.160593700409	917.1941283382475	65.54300670898469	0.3171980417328384	54.27570625445811	1001.3781728908049	1000.0472210459411	204657.0	911.7146763689816	1095.3707906492054	55.90040680670643	0.16191379725933075	0.39619091153144836	0.48032164573669434	0.5190990939721233
sub-PAT25_ses-postop_T1w	0.530140252455928	2.536327135210033	0.6777958643576338	5627.69493348632	3.87150800675168	3.986794020255041	4.04662	3.58111	0.20998621454513997	0.38553876675246623	0.4044750187023938	1.1606426239013672	0.3965784966945649	0.0	0.010048624981492867	25.10528941875208	13.493514647355278	15.571923691629904	160	256	256	3.999736799753225	12.222166296176287	12.159689799749495	20.25716630331898	55.38527096758126	114.84217604533092	105.04184743132096	144.8980952810507	0.9999964833259583	1.0	1.0	9.035364052705152	4.5213595072310255	6.652193123071568	6.044763956218958	1754396.0	0.0	18.51549319922924	6.848281545856757	4.383129427563792	79.76969987757596	399.44449900435416	382.236019898206	37160.0	281.2694017628208	578.4485133437438	95.5640073056926	-0.11038351849937422	66.12488279325375	792.2679270618597	792.5720235928893	7899.0	685.9881315648556	898.2845982939004	64.84299375930361	1.3767718684192438	43.84103950761513	1002.9744749778881	1000.0000047571957	221891.0	927.626209281385	1088.0575121194124	49.36513510441849	0.16087420284748077	0.4117210805416107	0.4874438941478729	0.5195948049008234
sub-PAT26_ses-postop_T1w	0.6283118567611279	2.1952703397476063	0.6258938262044819	5152.71056941126	3.6518600491290614	3.7832201473871847	3.79822	3.37414	0.2758496232881108	0.3654643301789404	0.3586860465329488	1.4230326414108276	0.544737422466278	0.0	0.019551350062729133	17.16319095705293	11.404058446765376	13.666094714265038	160	256	256	4.812623840613288	10.881746351609548	11.424567987815175	18.579333771222693	48.715876024869836	105.20209063422561	95.17475081610071	131.60628578920668	0.9999973177909851	1.0	1.0	5.3868015587076865	4.978002181051103	8.625909630975285	6.663567334413528	2166858.0	0.0	23.245002329349518	7.725258533413681	2.179574228570168	62.11015028972991	384.0448904875629	370.1637482047081	104049.0	286.2751175761223	536.7322693407531	76.91479360621392	-0.10633699583570921	76.2017256945515	801.7004269064022	799.369802325964	12483.0	687.1274344116449	926.9590373337269	73.45675570074613	0.544375700543168	49.856606459450276	1001.6410005455932	1000.0000002086163	204339.0	915.4398472905159	1093.3932540118694	53.823111506845834	0.16873832046985626	0.3907744288444519	0.4718799889087677	0.4835881294964029
sub-PAT28_ses-postop_T1w	0.6170153653738505	2.0674377626808047	0.6573454919857769	10295.216547397315	3.6742456083990027	3.804596825197008	3.85385	3.36429	0.22200347913599056	0.38485379925751095	0.39314272160649855	1.2939493656158447	0.5474247217178343	0.0	0.015753497403954594	23.214736335071997	13.069207496003076	15.569265620581357	160	256	256	3.353656404063144	11.374754847116478	10.84776919825488	17.814896343585016	43.82593329186832	99.242451684016	88.43989085983901	122.25128760363269	1.0000008344650269	1.0	1.0	9.930095215593758	5.358932240880532	6.4531767683462045	3.6145448684692383	1864254.0	0.0	18.145015239715576	6.622190938643629	1.4010242012902	86.27880907817656	386.3172713250638	358.49056005477905	31903.0	261.1147212982178	599.356600999832	106.89375963814034	0.32020125747304995	67.25459962305068	814.3089371976992	811.7906320095062	7274.0	698.1601849794388	933.9261031150818	71.36284167535521	1.2536638216573657	48.87346203683045	1004.9152073916829	999.9999833106995	213002.0	922.0703959465027	1107.4965476989746	56.13266654073318	0.183736190199852	0.425499826669693	0.5025718808174133	0.44651214316612853
